--POVOAMENTO--

INSERT INTO FUNCIONARIO(CPF, NOME, SALARIO, CARGO, CPF_CHEFE) VALUES('1111', 'Amanda', 20000.0, 'DONO DO PARQUE', NULL);
INSERT INTO FUNCIONARIO(CPF, NOME, SALARIO, CARGO, CPF_CHEFE) VALUES('2222', 'Letícia', 7000.0, 'GERENTE GERAL', '1111');
INSERT INTO FUNCIONARIO(CPF, NOME, SALARIO, CARGO, CPF_CHEFE) VALUES('3333', 'Victória', 7000.0, 'GERENTE GERAL', '1111');
INSERT INTO FUNCIONARIO(CPF, NOME, SALARIO, CARGO, CPF_CHEFE) VALUES('4444', 'Lígia', 2500.0, 'LIMPEZA', '2222');
INSERT INTO FUNCIONARIO(CPF, NOME, SALARIO, CARGO, CPF_CHEFE) VALUES('2204', 'Enzo', 2500.0, 'LIMPEZA', '2222');
INSERT INTO FUNCIONARIO(CPF, NOME, SALARIO, CARGO, CPF_CHEFE) VALUES('8888', 'Mariana', 3000.0, 'SEGURANCA', '2222');
INSERT INTO FUNCIONARIO(CPF, NOME, SALARIO, CARGO, CPF_CHEFE) VALUES('2205', 'João', 3000.0, 'SEGURANCA', '2222');
INSERT INTO FUNCIONARIO(CPF, NOME, SALARIO, CARGO, CPF_CHEFE) VALUES('5555', 'Arthur', 3000.0, 'FISCALIZADOR DE ATRAÇÕES', '3333');
INSERT INTO FUNCIONARIO(CPF, NOME, SALARIO, CARGO, CPF_CHEFE) VALUES('6666', 'Caio', 3000.0, 'FISCALIZADOR DE ATRAÇÕES', '3333');
INSERT INTO FUNCIONARIO(CPF, NOME, SALARIO, CARGO, CPF_CHEFE) VALUES('7777', 'Roberto', 2500.0, 'FISCALIZADOR DE ATRAÇÕES', '3333');
INSERT INTO FUNCIONARIO(CPF, NOME, SALARIO, CARGO, CPF_CHEFE) VALUES('5511', 'Carolina', 3000.0, 'FISCALIZADOR DE ATRAÇÕES', '3333');
INSERT INTO FUNCIONARIO(CPF, NOME, SALARIO, CARGO, CPF_CHEFE) VALUES('6611', 'Katarina', 3000.0, 'FISCALIZADOR DE ATRAÇÕES', '3333');
INSERT INTO FUNCIONARIO(CPF, NOME, SALARIO, CARGO, CPF_CHEFE) VALUES('7711', 'Marian', 2500.0, 'FISCALIZADOR DE ATRAÇÕES', '3333');
INSERT INTO FUNCIONARIO(CPF, NOME, SALARIO, CARGO, CPF_CHEFE) VALUES('8811', 'José', 3000.0, 'FISCALIZADOR DE ATRAÇÕES', '3333');
INSERT INTO FUNCIONARIO(CPF, NOME, SALARIO, CARGO, CPF_CHEFE) VALUES('8881', 'Cecília', 3000.0, 'FISCALIZADOR DE ATRAÇÕES', '3333');
INSERT INTO FUNCIONARIO(CPF, NOME, SALARIO, CARGO, CPF_CHEFE) VALUES('8882', 'Matias', 3000.0, 'FISCALIZADOR DE ATRAÇÕES', '3333');
INSERT INTO FUNCIONARIO(CPF, NOME, SALARIO, CARGO, CPF_CHEFE) VALUES('8883', 'Juan', 3000.0, 'FISCALIZADOR DE ATRAÇÕES', '3333');
INSERT INTO FUNCIONARIO(CPF, NOME, SALARIO, CARGO, CPF_CHEFE) VALUES('2206', 'Clara', 3000.0, 'FISCALIZADOR DE ATRAÇÕES', '3333');
INSERT INTO FUNCIONARIO(CPF, NOME, SALARIO, CARGO, CPF_CHEFE) VALUES('2207', 'Paulo', 3000.0, 'FISCALIZADOR DE ATRAÇÕES', '3333');
INSERT INTO FUNCIONARIO(CPF, NOME, SALARIO, CARGO, CPF_CHEFE) VALUES('9999', 'Luís', 3400.0, 'ATENDENTE FOOD_TRUCK', '2222');
INSERT INTO FUNCIONARIO(CPF, NOME, SALARIO, CARGO, CPF_CHEFE) VALUES('1010', 'Luan', 3400.0, 'ATENDENTE FOOD_TRUCK', '2222');
INSERT INTO FUNCIONARIO(CPF, NOME, SALARIO, CARGO, CPF_CHEFE) VALUES('1011', 'Carlos', 3000.0, 'ATENDENTE FOOD_TRUCK', '2222');
INSERT INTO FUNCIONARIO(CPF, NOME, SALARIO, CARGO, CPF_CHEFE) VALUES('9911', 'Felipe', 3400.0, 'ATENDENTE FOOD_TRUCK', '2222');
INSERT INTO FUNCIONARIO(CPF, NOME, SALARIO, CARGO, CPF_CHEFE) VALUES('1022', 'Paula', 3400.0, 'ATENDENTE FOOD_TRUCK', '2222');
INSERT INTO FUNCIONARIO(CPF, NOME, SALARIO, CARGO, CPF_CHEFE) VALUES('1023', 'Jorge', 3000.0, 'ATENDENTE FOOD_TRUCK', '2222');
INSERT INTO FUNCIONARIO(CPF, NOME, SALARIO, CARGO, CPF_CHEFE) VALUES('2266', 'Suellen', 3000.0, 'FISCALIZADOR DE ATRAÇÕES', '3333');
INSERT INTO FUNCIONARIO(CPF, NOME, SALARIO, CARGO, CPF_CHEFE) VALUES('2208', 'Pedro', 2500.0, 'FISCALIZADOR DE ATRAÇÕES', '3333');
INSERT INTO FUNCIONARIO(CPF, NOME, SALARIO, CARGO, CPF_CHEFE) VALUES('2277', 'Sandra', 3000.0, 'FISCALIZADOR DE ATRAÇÕES', '3333');
INSERT INTO FUNCIONARIO(CPF, NOME, SALARIO, CARGO, CPF_CHEFE) VALUES('2288', 'Rosa', 2500.0, 'FISCALIZADOR DE ATRAÇÕES', '3333');
INSERT INTO FUNCIONARIO(CPF, NOME, SALARIO, CARGO, CPF_CHEFE) VALUES('2299', 'Catarina', 3000.0, 'FISCALIZADOR DE ATRAÇÕES', '3333');
INSERT INTO FUNCIONARIO(CPF, NOME, SALARIO, CARGO, CPF_CHEFE) VALUES('2291', 'Nathália', 3000.0, 'FISCALIZADOR DE ATRAÇÕES', '3333');
INSERT INTO FUNCIONARIO(CPF, NOME, SALARIO, CARGO, CPF_CHEFE) VALUES('2292', 'Luisa', 3000.0, 'FISCALIZADOR DE ATRAÇÕES', '3333');
INSERT INTO FUNCIONARIO(CPF, NOME, SALARIO, CARGO, CPF_CHEFE) VALUES('2247', 'Gabriel', 3000.0, 'FISCALIZADOR DE ATRAÇÕES', '3333');
INSERT INTO FUNCIONARIO(CPF, NOME, SALARIO, CARGO, CPF_CHEFE) VALUES('2210', 'Mauricio', 3400.0, 'ATENDENTE FOOD_TRUCK', '2222');
INSERT INTO FUNCIONARIO(CPF, NOME, SALARIO, CARGO, CPF_CHEFE) VALUES('2211', 'Guilherme', 3400.0, 'ATENDENTE FOOD_TRUCK', '2222');
INSERT INTO FUNCIONARIO(CPF, NOME, SALARIO, CARGO, CPF_CHEFE) VALUES('2212', 'Larissa', 3000.0, 'ATENDENTE FOOD_TRUCK', '2222');
INSERT INTO FUNCIONARIO(CPF, NOME, SALARIO, CARGO, CPF_CHEFE) VALUES('2223', 'Augusto', 3400.0, 'ATENDENTE FOOD_TRUCK', '2222');
INSERT INTO FUNCIONARIO(CPF, NOME, SALARIO, CARGO, CPF_CHEFE) VALUES('2224', 'Isabela', 3400.0, 'ATENDENTE FOOD_TRUCK', '2222');
INSERT INTO FUNCIONARIO(CPF, NOME, SALARIO, CARGO, CPF_CHEFE) VALUES('2225', 'Raissa', 3000.0, 'ATENDENTE FOOD_TRUCK', '2222');

INSERT INTO VISITANTE(CPF, NOME, IDADE, ALTURA) VALUES ('1122', 'Matheus', 5, 1.17);
INSERT INTO VISITANTE(CPF, NOME, IDADE, ALTURA) VALUES ('3344', 'Ênio', 49, 1.60);
INSERT INTO VISITANTE(CPF, NOME, IDADE, ALTURA) VALUES ('5566', 'Vinícius', 8, 1.40);
INSERT INTO VISITANTE(CPF, NOME, IDADE, ALTURA) VALUES ('7788', 'Thiago', 17, 1.80);
INSERT INTO VISITANTE(CPF, NOME, IDADE, ALTURA) VALUES ('9910', 'Rafael', 14, 1.50);
INSERT INTO VISITANTE(CPF, NOME, IDADE, ALTURA) VALUES ('1112', 'Péricles', 20, 1.90);
INSERT INTO VISITANTE(CPF, NOME, IDADE, ALTURA) VALUES ('1314', 'Júlia', 22, 1.53);
INSERT INTO VISITANTE(CPF, NOME, IDADE, ALTURA) VALUES ('1516', 'Leonardo', 36, 1.72);
INSERT INTO VISITANTE(CPF, NOME, IDADE, ALTURA) VALUES ('1718', 'Larissa', 14, 1.50);
INSERT INTO VISITANTE(CPF, NOME, IDADE, ALTURA) VALUES ('1920', 'Laís', 16, 1.66);
INSERT INTO VISITANTE(CPF, NOME, IDADE, ALTURA) VALUES ('2122', 'Bianca', 11, 1.47);
INSERT INTO VISITANTE(CPF, NOME, IDADE, ALTURA) VALUES ('2324', 'Rebeca', 7, 1.30);


INSERT INTO PARQUE(NOME, CNPJ, HOR_ABERTURA, HOR_FECHAMENTO, ENTRADA, END_CEP, END_NUM, TELEFONE1, TELEFONE2) VALUES ('CIntilândia', '1112', 10, 17, 55.0, 5556, 345, 3000, 7000);
INSERT INTO PARQUE(NOME, CNPJ, HOR_ABERTURA, HOR_FECHAMENTO, ENTRADA, END_CEP, END_NUM, TELEFONE1, TELEFONE2) VALUES ('GDIlha','1113', 9, 15, 35.0, 5557, 500, 4000, 8000);



INSERT INTO ATRACAO(CNPJ, NUM, TIPO, ALTURA_MIN, IDADE_MIN, CAPACIDADE_MAX, CPF_FUNC) VALUES ('1112', 1, 'MONTANHA RUSSA', 1.20, 8, 20, '5555');
INSERT INTO ATRACAO(CNPJ, NUM, TIPO, ALTURA_MIN, IDADE_MIN, CAPACIDADE_MAX, CPF_FUNC) VALUES ('1112', 2, 'RODA GIGANTE', 1.0, 0.0, 30, '6666');
INSERT INTO ATRACAO(CNPJ, NUM, TIPO, ALTURA_MIN, IDADE_MIN, CAPACIDADE_MAX, CPF_FUNC) VALUES ('1112', 3, 'CARROSSEL', 0.0, 0.0, 10, '7777');
INSERT INTO ATRACAO(CNPJ, NUM, TIPO, ALTURA_MIN, IDADE_MIN, CAPACIDADE_MAX, CPF_FUNC) VALUES ('1112', 4, 'BARCA', 1.10, 10, 20, '5511');
INSERT INTO ATRACAO(CNPJ, NUM, TIPO, ALTURA_MIN, IDADE_MIN, CAPACIDADE_MAX, CPF_FUNC) VALUES ('1112', 5, 'BATE-BATE', 1.20, 8, 16, '6611');
INSERT INTO ATRACAO(CNPJ, NUM, TIPO, ALTURA_MIN, IDADE_MIN, CAPACIDADE_MAX, CPF_FUNC) VALUES ('1112', 6, 'SAMBA', 1.10, 10, 25, '7711');
INSERT INTO ATRACAO(CNPJ, NUM, TIPO, ALTURA_MIN, IDADE_MIN, CAPACIDADE_MAX, CPF_FUNC) VALUES ('1112', 7, 'TREM FANTASMA', 0.0, 6, 10, '8811');
INSERT INTO ATRACAO(CNPJ, NUM, TIPO, ALTURA_MIN, IDADE_MIN, CAPACIDADE_MAX, CPF_FUNC) VALUES ('1112', 8, 'TIRO AO ALVO', 0.0, 12, 1, '8881');
INSERT INTO ATRACAO(CNPJ, NUM, TIPO, ALTURA_MIN, IDADE_MIN, CAPACIDADE_MAX, CPF_FUNC) VALUES ('1112', 9, 'CESTA', 0.0, 6, 2, '8882');
INSERT INTO ATRACAO(CNPJ, NUM, TIPO, ALTURA_MIN, IDADE_MIN, CAPACIDADE_MAX, CPF_FUNC) VALUES ('1112', 10, 'LANÇAMENTO DE DARDOS', 0.0, 10, 1, '8883');
INSERT INTO ATRACAO(CNPJ, NUM, TIPO, ALTURA_MIN, IDADE_MIN, CAPACIDADE_MAX, CPF_FUNC) VALUES ('1112', 11, 'TOP-SPIN', 1.00, 8, 20, '2206');
INSERT INTO ATRACAO(CNPJ, NUM, TIPO, ALTURA_MIN, IDADE_MIN, CAPACIDADE_MAX, CPF_FUNC) VALUES ('1112', 12, 'BALANÇO GIGANTE', 1.40, 12, 10, '2207');

INSERT INTO ATRACAO(CNPJ, NUM, TIPO, ALTURA_MIN, IDADE_MIN, CAPACIDADE_MAX, CPF_FUNC) VALUES ('1113', 1, 'MONTANHA RUSSA', 1.20, 8, 20, '2266');
INSERT INTO ATRACAO(CNPJ, NUM, TIPO, ALTURA_MIN, IDADE_MIN, CAPACIDADE_MAX, CPF_FUNC) VALUES ('1113', 2, 'RODA GIGANTE', 1.0, 0.0, 30, '2208');
INSERT INTO ATRACAO(CNPJ, NUM, TIPO, ALTURA_MIN, IDADE_MIN, CAPACIDADE_MAX, CPF_FUNC) VALUES ('1113', 3, 'CARROSSEL', 0.0, 0.0, 10, '2277');
INSERT INTO ATRACAO(CNPJ, NUM, TIPO, ALTURA_MIN, IDADE_MIN, CAPACIDADE_MAX, CPF_FUNC) VALUES ('1113', 4, 'BARCA', 1.10, 10, 20, '2288');
INSERT INTO ATRACAO(CNPJ, NUM, TIPO, ALTURA_MIN, IDADE_MIN, CAPACIDADE_MAX, CPF_FUNC) VALUES ('1113', 5, 'BATE-BATE', 1.20, 8, 16, '2299');
INSERT INTO ATRACAO(CNPJ, NUM, TIPO, ALTURA_MIN, IDADE_MIN, CAPACIDADE_MAX, CPF_FUNC) VALUES ('1113', 6, 'SAMBA', 1.10, 10, 25, '2291');
INSERT INTO ATRACAO(CNPJ, NUM, TIPO, ALTURA_MIN, IDADE_MIN, CAPACIDADE_MAX, CPF_FUNC) VALUES ('1113', 8, 'TIRO AO ALVO', 0.0, 12, 1, '2292');
INSERT INTO ATRACAO(CNPJ, NUM, TIPO, ALTURA_MIN, IDADE_MIN, CAPACIDADE_MAX, CPF_FUNC) VALUES ('1113', 13, 'CESTA', 0.0, 6, 2, '2247');

INSERT INTO FOOD_TRUCK(COD, CATEGORIA) VALUES('3301', 'DOCES');
INSERT INTO FOOD_TRUCK(COD, CATEGORIA) VALUES('3302', 'CACHORRO QUENTE');
INSERT INTO FOOD_TRUCK(COD, CATEGORIA) VALUES('3303', 'PIZZA');
INSERT INTO FOOD_TRUCK(COD, CATEGORIA) VALUES('3304', 'PASTEL');
INSERT INTO FOOD_TRUCK(COD, CATEGORIA) VALUES('3305', 'ESPETINHO');
INSERT INTO FOOD_TRUCK(COD, CATEGORIA) VALUES('3306', 'CHURROS');
INSERT INTO FOOD_TRUCK(COD, CATEGORIA) VALUES('3307', 'SORVETERIA');
INSERT INTO FOOD_TRUCK(COD, CATEGORIA) VALUES('3308', 'CREPE');


INSERT INTO TRABALHA(CPF_FUNC, CNPJ, TURNO) VALUES ('1111', '1112', 'MANHA');
INSERT INTO TRABALHA(CPF_FUNC, CNPJ, TURNO) VALUES ('1111', '1113', 'TARDE');
INSERT INTO TRABALHA(CPF_FUNC, CNPJ, TURNO) VALUES ('2222', '1112', 'MANHA');
INSERT INTO TRABALHA(CPF_FUNC, CNPJ, TURNO) VALUES ('2222', '1113', 'TARDE');
INSERT INTO TRABALHA(CPF_FUNC, CNPJ, TURNO) VALUES ('3333', '1112', 'TARDE');
INSERT INTO TRABALHA(CPF_FUNC, CNPJ, TURNO) VALUES ('3333', '1113', 'MANHA');
INSERT INTO TRABALHA(CPF_FUNC, CNPJ, TURNO) VALUES ('4444', '1112', 'DIA');
INSERT INTO TRABALHA(CPF_FUNC, CNPJ, TURNO) VALUES ('2204', '1113', 'DIA');
INSERT INTO TRABALHA(CPF_FUNC, CNPJ, TURNO) VALUES ('8888', '1113', 'DIA');
INSERT INTO TRABALHA(CPF_FUNC, CNPJ, TURNO) VALUES ('2205', '1112', 'DIA');
INSERT INTO TRABALHA(CPF_FUNC, CNPJ, TURNO) VALUES ('9999', '1113', 'MANHA');
INSERT INTO TRABALHA(CPF_FUNC, CNPJ, TURNO) VALUES ('9999', '1112', 'TARDE');
INSERT INTO TRABALHA(CPF_FUNC, CNPJ, TURNO) VALUES ('1010', '1112', 'MANHA');
INSERT INTO TRABALHA(CPF_FUNC, CNPJ, TURNO) VALUES ('1010', '1113', 'TARDE');
INSERT INTO TRABALHA(CPF_FUNC, CNPJ, TURNO) VALUES ('1011', '1112', 'MANHA');
INSERT INTO TRABALHA(CPF_FUNC, CNPJ, TURNO) VALUES ('1011', '1113', 'TARDE');
INSERT INTO TRABALHA(CPF_FUNC, CNPJ, TURNO) VALUES ('9911', '1113', 'MANHA');
INSERT INTO TRABALHA(CPF_FUNC, CNPJ, TURNO) VALUES ('9911', '1112', 'TARDE');
INSERT INTO TRABALHA(CPF_FUNC, CNPJ, TURNO) VALUES ('1022', '1112', 'MANHA');
INSERT INTO TRABALHA(CPF_FUNC, CNPJ, TURNO) VALUES ('1022', '1113', 'TARDE');
INSERT INTO TRABALHA(CPF_FUNC, CNPJ, TURNO) VALUES ('1023', '1112', 'DIA');
INSERT INTO TRABALHA(CPF_FUNC, CNPJ, TURNO) VALUES ('2210', '1112', 'MANHA');
INSERT INTO TRABALHA(CPF_FUNC, CNPJ, TURNO) VALUES ('2210', '1113', 'TARDE');
INSERT INTO TRABALHA(CPF_FUNC, CNPJ, TURNO) VALUES ('2211', '1113', 'MANHA');
INSERT INTO TRABALHA(CPF_FUNC, CNPJ, TURNO) VALUES ('2211', '1112', 'TARDE');
INSERT INTO TRABALHA(CPF_FUNC, CNPJ, TURNO) VALUES ('2212', '1113', 'MANHA');
INSERT INTO TRABALHA(CPF_FUNC, CNPJ, TURNO) VALUES ('2212', '1112', 'TARDE');
INSERT INTO TRABALHA(CPF_FUNC, CNPJ, TURNO) VALUES ('2223', '1112', 'MANHA');
INSERT INTO TRABALHA(CPF_FUNC, CNPJ, TURNO) VALUES ('2223', '1113', 'TARDE');
INSERT INTO TRABALHA(CPF_FUNC, CNPJ, TURNO) VALUES ('2224', '1112', 'MANHA');
INSERT INTO TRABALHA(CPF_FUNC, CNPJ, TURNO) VALUES ('2224', '1113', 'TARDE');
INSERT INTO TRABALHA(CPF_FUNC, CNPJ, TURNO) VALUES ('2225', '1113', 'DIA');
INSERT INTO TRABALHA(CPF_FUNC, CNPJ, TURNO) VALUES ('5555', '1112', 'DIA');
INSERT INTO TRABALHA(CPF_FUNC, CNPJ, TURNO) VALUES ('6666', '1112', 'DIA');
INSERT INTO TRABALHA(CPF_FUNC, CNPJ, TURNO) VALUES ('7777', '1112', 'DIA');
INSERT INTO TRABALHA(CPF_FUNC, CNPJ, TURNO) VALUES ('5511', '1112', 'DIA');
INSERT INTO TRABALHA(CPF_FUNC, CNPJ, TURNO) VALUES ('6611', '1112', 'DIA');
INSERT INTO TRABALHA(CPF_FUNC, CNPJ, TURNO) VALUES ('7711', '1112', 'DIA');
INSERT INTO TRABALHA(CPF_FUNC, CNPJ, TURNO) VALUES ('8811', '1112', 'DIA');
INSERT INTO TRABALHA(CPF_FUNC, CNPJ, TURNO) VALUES ('8881', '1112', 'DIA');
INSERT INTO TRABALHA(CPF_FUNC, CNPJ, TURNO) VALUES ('8882', '1112', 'DIA');
INSERT INTO TRABALHA(CPF_FUNC, CNPJ, TURNO) VALUES ('8883', '1112', 'DIA');
INSERT INTO TRABALHA(CPF_FUNC, CNPJ, TURNO) VALUES ('2206', '1112', 'DIA');
INSERT INTO TRABALHA(CPF_FUNC, CNPJ, TURNO) VALUES ('2207', '1112', 'DIA');
INSERT INTO TRABALHA(CPF_FUNC, CNPJ, TURNO) VALUES ('2208', '1113', 'DIA');
INSERT INTO TRABALHA(CPF_FUNC, CNPJ, TURNO) VALUES ('2266', '1113', 'DIA');
INSERT INTO TRABALHA(CPF_FUNC, CNPJ, TURNO) VALUES ('2277', '1113', 'DIA');
INSERT INTO TRABALHA(CPF_FUNC, CNPJ, TURNO) VALUES ('2288', '1113', 'DIA');
INSERT INTO TRABALHA(CPF_FUNC, CNPJ, TURNO) VALUES ('2299', '1113', 'DIA');
INSERT INTO TRABALHA(CPF_FUNC, CNPJ, TURNO) VALUES ('2291', '1113', 'DIA');
INSERT INTO TRABALHA(CPF_FUNC, CNPJ, TURNO) VALUES ('2292', '1113', 'DIA');
INSERT INTO TRABALHA(CPF_FUNC, CNPJ, TURNO) VALUES ('2247', '1113', 'DIA');



INSERT INTO VISITA(CPF_VISITANTE, CNPJ, DATA) VALUES ('1122', '1112', TO_DATE('2022-09-01','YYYY-MM-DD'));
INSERT INTO VISITA(CPF_VISITANTE, CNPJ, DATA) VALUES ('3344', '1112', TO_DATE('2022-09-02','YYYY-MM-DD'));
INSERT INTO VISITA(CPF_VISITANTE, CNPJ, DATA) VALUES ('5566', '1112', TO_DATE('2022-04-03','YYYY-MM-DD'));
INSERT INTO VISITA(CPF_VISITANTE, CNPJ, DATA) VALUES ('7788', '1112', TO_DATE('2022-10-04','YYYY-MM-DD'));
INSERT INTO VISITA(CPF_VISITANTE, CNPJ, DATA) VALUES ('9910', '1112', TO_DATE('2022-10-05','YYYY-MM-DD'));
INSERT INTO VISITA(CPF_VISITANTE, CNPJ, DATA) VALUES ('1112', '1112', TO_DATE('2022-10-07','YYYY-MM-DD'));
INSERT INTO VISITA(CPF_VISITANTE, CNPJ, DATA) VALUES ('1314', '1112', TO_DATE('2022-10-07','YYYY-MM-DD'));
INSERT INTO VISITA(CPF_VISITANTE, CNPJ, DATA) VALUES ('1516', '1113', TO_DATE('2022-10-07','YYYY-MM-DD'));
INSERT INTO VISITA(CPF_VISITANTE, CNPJ, DATA) VALUES ('1718', '1113', TO_DATE('2022-10-08','YYYY-MM-DD'));
INSERT INTO VISITA(CPF_VISITANTE, CNPJ, DATA) VALUES ('1920', '1112', TO_DATE('2022-10-09','YYYY-MM-DD'));
INSERT INTO VISITA(CPF_VISITANTE, CNPJ, DATA) VALUES ('2122', '1113', TO_DATE('2022-10-09','YYYY-MM-DD'));
INSERT INTO VISITA(CPF_VISITANTE, CNPJ, DATA) VALUES ('2324', '1113', TO_DATE('2022-10-09','YYYY-MM-DD'));
INSERT INTO VISITA(CPF_VISITANTE, CNPJ, DATA) VALUES ('1122', '1113', TO_DATE('2022-06-10','YYYY-MM-DD'));
INSERT INTO VISITA(CPF_VISITANTE, CNPJ, DATA) VALUES ('3344', '1113', TO_DATE('2022-06-10','YYYY-MM-DD'));
INSERT INTO VISITA(CPF_VISITANTE, CNPJ, DATA) VALUES ('5566', '1113', TO_DATE('2022-08-15','YYYY-MM-DD'));
INSERT INTO VISITA(CPF_VISITANTE, CNPJ, DATA) VALUES ('5566', '1112', TO_DATE('2022-10-17','YYYY-MM-DD'));
INSERT INTO VISITA(CPF_VISITANTE, CNPJ, DATA) VALUES ('7788', '1113', TO_DATE('2022-06-23','YYYY-MM-DD'));
INSERT INTO VISITA(CPF_VISITANTE, CNPJ, DATA) VALUES ('9910', '1113', TO_DATE('2022-03-01','YYYY-MM-DD'));
INSERT INTO VISITA(CPF_VISITANTE, CNPJ, DATA) VALUES ('9910', '1112', TO_DATE('2022-10-25','YYYY-MM-DD'));
INSERT INTO VISITA(CPF_VISITANTE, CNPJ, DATA) VALUES ('2324', '1112', TO_DATE('2022-10-01','YYYY-MM-DD'));


INSERT INTO TEM(CPF_FUNC, CNPJ, COD) VALUES ('9999', '1112', '3301');
INSERT INTO TEM(CPF_FUNC, CNPJ, COD) VALUES ('9999', '1113', '3301');
INSERT INTO TEM(CPF_FUNC, CNPJ, COD) VALUES ('2212', '1112', '3301');
INSERT INTO TEM(CPF_FUNC, CNPJ, COD) VALUES ('2212', '1113', '3301');
INSERT INTO TEM(CPF_FUNC, CNPJ, COD) VALUES ('1010', '1112', '3304');
INSERT INTO TEM(CPF_FUNC, CNPJ, COD) VALUES ('1010', '1113', '3304');
INSERT INTO TEM(CPF_FUNC, CNPJ, COD) VALUES ('1011', '1112', '3304');
INSERT INTO TEM(CPF_FUNC, CNPJ, COD) VALUES ('1011', '1113', '3304');
INSERT INTO TEM(CPF_FUNC, CNPJ, COD) VALUES ('2224', '1112', '3305');
INSERT INTO TEM(CPF_FUNC, CNPJ, COD) VALUES ('2224', '1113', '3305');
INSERT INTO TEM(CPF_FUNC, CNPJ, COD) VALUES ('2223', '1112', '3305');
INSERT INTO TEM(CPF_FUNC, CNPJ, COD) VALUES ('2223', '1113', '3305');
INSERT INTO TEM(CPF_FUNC, CNPJ, COD) VALUES ('9911', '1112', '3306');
INSERT INTO TEM(CPF_FUNC, CNPJ, COD) VALUES ('9911', '1113', '3306');
INSERT INTO TEM(CPF_FUNC, CNPJ, COD) VALUES ('2211', '1112', '3306');
INSERT INTO TEM(CPF_FUNC, CNPJ, COD) VALUES ('2211', '1113', '3306');
INSERT INTO TEM(CPF_FUNC, CNPJ, COD) VALUES ('1022', '1112', '3307');
INSERT INTO TEM(CPF_FUNC, CNPJ, COD) VALUES ('1022', '1113', '3307');
INSERT INTO TEM(CPF_FUNC, CNPJ, COD) VALUES ('1011', '1112', '3307');
INSERT INTO TEM(CPF_FUNC, CNPJ, COD) VALUES ('1011', '1113', '3307');
INSERT INTO TEM(CPF_FUNC, CNPJ, COD) VALUES ('2210', '1112', '3308');
INSERT INTO TEM(CPF_FUNC, CNPJ, COD) VALUES ('2210', '1113', '3308');
INSERT INTO TEM(CPF_FUNC, CNPJ, COD) VALUES ('1023', '1112', '3302');
INSERT INTO TEM(CPF_FUNC, CNPJ, COD) VALUES ('2225', '1113', '3303');



INSERT INTO PARTICIPA(CPF_VISITANTE, CNPJ, NUM) VALUES ('1122', '1112', 11);
INSERT INTO PARTICIPA(CPF_VISITANTE, CNPJ, NUM) VALUES ('3344', '1112', 12);
INSERT INTO PARTICIPA(CPF_VISITANTE, CNPJ, NUM) VALUES ('5566', '1112', 12);
INSERT INTO PARTICIPA(CPF_VISITANTE, CNPJ, NUM) VALUES ('7788', '1112', 12);
INSERT INTO PARTICIPA(CPF_VISITANTE, CNPJ, NUM) VALUES ('2122', '1113', 13);
INSERT INTO PARTICIPA(CPF_VISITANTE, CNPJ, NUM) VALUES ('2324', '1113', 8);
INSERT INTO PARTICIPA(CPF_VISITANTE, CNPJ, NUM) VALUES ('1516', '1113', 8);
INSERT INTO PARTICIPA(CPF_VISITANTE, CNPJ, NUM) VALUES ('7788', '1113', 13);
INSERT INTO PARTICIPA(CPF_VISITANTE, CNPJ, NUM) VALUES ('9910', '1112', 11);


INSERT INTO PREMIO(ID, NUM_TICKETS, CPF_VISITANTE, CNPJ, NUM) VALUES (1, 40 , '1122', '1112', 11);
INSERT INTO PREMIO(ID, NUM_TICKETS, CPF_VISITANTE, CNPJ, NUM) VALUES (2, 45 , '3344', '1112', 12);
INSERT INTO PREMIO(ID, NUM_TICKETS, CPF_VISITANTE, CNPJ, NUM) VALUES (3, 45 , '5566', '1112', 12);
INSERT INTO PREMIO(ID, NUM_TICKETS, CPF_VISITANTE, CNPJ, NUM) VALUES (4, 45 , '1516', '1113', 8);


INSERT INTO COMPRA(CPF_VISITANTE, COD, NOTA_FISCAL) VALUES ('1122', '3301', '1111');
INSERT INTO COMPRA(CPF_VISITANTE, COD, NOTA_FISCAL) VALUES ('3344', '3305', '2222');
INSERT INTO COMPRA(CPF_VISITANTE, COD, NOTA_FISCAL) VALUES ('5566', '3305', '3333');
INSERT INTO COMPRA(CPF_VISITANTE, COD, NOTA_FISCAL) VALUES ('7788', '3305', '4444');
INSERT INTO COMPRA(CPF_VISITANTE, COD, NOTA_FISCAL) VALUES ('9910', '3303', '5555');
INSERT INTO COMPRA(CPF_VISITANTE, COD, NOTA_FISCAL) VALUES ('1112', '3304', '6666');
INSERT INTO COMPRA(CPF_VISITANTE, COD, NOTA_FISCAL) VALUES ('1314', '3304', '7777');
INSERT INTO COMPRA(CPF_VISITANTE, COD, NOTA_FISCAL) VALUES ('1516', '3305', '8888');
INSERT INTO COMPRA(CPF_VISITANTE, COD, NOTA_FISCAL) VALUES ('1718', '3303', '9999');
